Name,Class,ParentPhone
Abban Majid,Creche,540847355.0
Affum Osabarima Kojo,Nursery 1,594324057.0
Agyeiwaa Margaret Akosua Ahenkan,Creche,542162694.0
Aidoo Anabel,Creche,245065840.0
Akubila Isaiah,Creche,541770872.0
Andoh Guinivere Nhyiraba,Creche,552214271.0
Annan Saviour,Nursery 1,
Anokye Beatrice,Creche,548915526.0
Awoye Rashida,Creche,538391435.0
Buabeng Yvonne,Creche,597807287.0
Eshun Edmond,Creche,551615129.0
Gyasi Prince,Creche,558662613.0
Koranteng Limwell,Creche,
Mensah Victoria Frimpomaa,Creche,534647380.0
Oforiwaa Oberempomaa,Creche,247087102.0
Osei Emmanuel,Creche,543843952.0
Siaw Zakariah,Creche,
Teremu Elijah,Creche,
Danso Emmanuel Asare Jnr.,Creche,243407282.0
Arthur Nelson Kweku,Creche,541273074.0
Ansah Cassandra,Creche,245084955.0
Mohammed Blessing,Creche,
Attakorah A. Emmanuel,Creche,
Ennin Vivian,Creche,597807296.0
Boadi Albertha Akua,Creche,
Aboagye Ekua Ohenewaa,Nursery 1,247241620.0
Acquah Christian,Nursery 1,241596424.0
Aggrey Godwin Festus,Nursery 1,241586096.0
Akomanyi Jonnel,Nursery 1,597807567.0
Ampong Goodbina Aseda,JH 3,
Ansah-Wilson Rosette,Nursery 1,241818288.0
Apotae Norah,Nursery 1,553676040.0
Arthur Esther,Nursery 1,241968509.0
Aryee Onill Nii Larbi,Nursery 1,593229232.0
Asare Kojo,Nursery 1,244654228.0
Ateibaa Samuel,JH 3,
Ayew Selina Anim,Nursery 1,597354712.0
Baffoe Eleanor Afia,Nursery 1,594647769.0
Duodo-Gyan Rigobertha,Nursery 1,546262681.0
Egyiri Richmond Okyere,Nursery 1,548968974.0
Enyan Norah Owusuaa,Nursery 1,596510947.0
Frimpong Edwina Abena,Nursery 1,546450894.0
Mensah Liliana Ayesha,Nursery 1,
Mubarak Mohammed,JH 3,597807567.0
Nkansah Jekuthiel,Nursery 1,592488541.0
Ofori Emmanuel,Nursery 1,
Ofosu Samuel,Creche,242060834.0
Tawiah Emmanuel,Nursery 1,597807319.0
Tetteh Joyce Adom,Nursery 1,540383451.0
Yawson Giovanna,Nursery 1,549462639.0
Awusi Godson Ofori,Nursery 1,541821736.0
Abonyi Larissa Takyiwaa,Nursery 1,245805426.0
Essoun Emmanuella,Nursery 1,532897067.0
Oppong Afia Adepa,Nursery 1,549833105.0
Adu-Amoah Prince Jnr,Nursery 1,534099196.0
Akotia Hubert Kabutey,Nursery 1,553554267.0
Sam Frank Kofi,Nursery 1,539007313.0
Dadzie Naila Ama,JH 3,244606373.0
Kumi Enoch,JH 3,540340371.0
Adom Adusei Christodia,JH 3,594822086.0
Abban Vanessa Aseda,Nursery 1,55013146.0
Acquah Desmond,JH 3,
Amoah Raymond,Nursery 1,242424692.0
Anokye Anabel,Nursery 1,548915526.0
Appiah Eric,Nursery 1,554718704.0
Arthur Evans,Nursery 1,500361749.0
Awoye Samirah Mohammed,Nursery 1,598391435.0
Damtse Stephanie,Nursery 1,242407523.0
Darkoh Kenneth,JH 3,553075381.0
Essilfie Precious,Nursery 1,
Ghunney Anastasia,Nursery 1,592404239.0
Ketu Eunice,JH 3,534080083.0
Kwakye Aldrich Kwame,JH 3,557852532.0
Mensah Billad Tawiah,Nursery 1,597717182.0
Mensah Jennies,JH 3,543399598.0
Okyere Desmond,Nursery 1,545298845.0
Okyere Selina Afia,JH 3,207564178.0
Opoku Enrico Kobina,Nursery 1,247415085.0
Panful Desmond,Nursery 1,597807549.0
Sodzie Jane Emefa,Creche,541271963.0
Turkson Neenyi Adom Ackon,Creche,249900561.0
Yawson Regina Aba,Nursery 1,544014061.0
Aboagye Sabbath,Nursery 1,240881039.0
Adom Adusei Heward,JH 3,594822086.0
Addai Gabriel,KG 1,243504961.0
Afuakwah Oliver Tsibu,KG 1,545901695.0
Akomaning Gabriel,KG 1,248299438.0
Amoakoh Lordina Wiredu,KG 1,
Amoh Justice Owuwu-Ansah,KG 1,541647098.0
Anokyewaa Alice,KG 1,533287082.0
Asiamah Margaret Tibuah,KG 1,536241537.0
Attiso Alice,KG 1,534085858.0
Boafoh Godbless,KG 1,545004830.0
Buabeng Ebenezer,KG 1,597717219.0
Dankwah Nathan Arkoh,KG 1,546211225.0
Darkoh Collins Adom,KG 1,594700930.0
Darkoh Samuel Junior,KG 1,248495594.0
Kuttin Hatim Gyamerah,KG 1,597821085.0
Lamptey Linna,KG 1,534264109.0
Mensah jennifer Morrison,KG 1,540550547.0
Mensah Precious,KG 1,556585038.0
Munkoh Nicety,KG 1,549461504.0
Nanor Philemon,KG 1,547643485.0
Ndor Jeff,KG 1,543346275.0
Nkrumah Bright,KG 1,554599076.0
Opoku Ernest Markus,KG 1,543062105.0
Sey Francis,KG 1,540947086.0
Yakubu Adama,KG 1,246679722.0
Mensah Genesis Damte,KG 1,552608681.0
Odoom Verity Nana Ama,KG 1,545974394.0
Kwakye Valerie Timah,KG 1,243904739.0
Woakwah Bright,KG 1,530331701.0
Korankye Evans,KG 1,
Fosu Richard,KG 1,
Bawa Mariam Awinpam,KG 1,53858029.0
Adom Adusei Christodia,JH 3,594822086.0
Muniru Nasida,JH 3,559478925.0
Damtse Victoria,JH 3,553077660.0
Quansah Richlove,JH 3,553077660.0
Abban Haziq,KG 2,540847355.0
Abeka Theodora Esi,KG 2,548381894.0
Addae Gabriel,KG 2,
Addae James Asante,KG 2,559498512.0
Adusu Anthony,KG 2,558205817.0
Aggrey Nancy,KG 2,241586096.0
Aidoo Daniel,KG 2,508872606.0
Amoakowah Erica,KG 2,
Arhinful-Aidoo Harry,KG 2,541740686.0
Arhinful-Aidoo Henry,KG 2,541740686.0
Arthur Samuel,KG 2,5535552707.0
Boadi Benjamin Acheampong,KG 2,542149977.0
Eshun Egyin Ato Ankomah,KG 2,241873438.0
Ewusi Lordina Inkumah,KG 2,541821736.0
Gyasi Linford Kofi,KG 2,559440801.0
Gyekye Eugenia,KG 2,240478086.0
Ibrahim Hamida,KG 2,597807291.0
Ibrahim Kamat Baba,KG 2,548796337.0
Kuffour Joel,KG 2,246656938.0
Mensah Gifty,KG 2,246656938.0
Mensah Grace,KG 2,534647380.0
Nsiah Lydia,KG 2,533552545.0
Ntow Stephanie,KG 2,534085858.0
Okyere Gilbert Nhyiraba,KG 2,599727350.0
Quaye Stella,KG 2,555404865.0
Tawiah Samuel,KG 2,241936913.0
Tetteh Linda Aseda,KG 2,556312750.0
Yakubu Hawa,KG 2,246679722.0
Yawson Irene Oforiwa,KG 2,549462639.0
Appiah Jeffrey,KG 2,536294187.0
Damtse Bernice,JH 3,553077660.0
Addae Joseph,KG 2,559498512.0
Afedzie Paul,KG 2,549798409.0
Aggrey Priscilla,Primary 1,241586096.0
Aidoo  Richlove Takyiwah,KG 2,598408134.0
Ainoo Lucy Asamoah,KG 2,247241472.0
Amoakowaa Emily Asamoah,KG 2,542291000.0
Annin Jonathan,KG 2,539650718.0
Antwi Andy Asamoah,KG 2,545520060.0
Antwi-Boasiako Ernestina,KG 2,546240315.0
Ateibaa Joana,KG 2,243924456.0
Awoye Fadaus Mariam,KG 2,599617886.0
Donkor Rocky,KG 2,242631510.0
Enyan Kenneth Nana Kwakye,Primary 1,596510947.0
Kwarteng Peggy Nugget Oduro,KG 2,544562023.0
Mensah Isaiah,KG 2,552608681.0
Munkoh Japheth Nana,KG 2,549461504.0
Obeng Kelvin Nhyiraba,Primary 1,549677806.0
Obeng Margaret,KG 2,553121918.0
Osei Bismark,KG 2,553391658.0
Osei Sarah,KG 2,247892802.0
Boadi Javier,Primary 1,534719598.0
Aboagye Ezekiel,Primary 1,240881039.0
Blevi Richard,KG 2,543343569.0
Amissah Christian,Primary 1,556224248.0
Muniru Namawu,JH 3,559478925.0
Agyappong Christopher Addae,JH 3,257378559.0
Abban Firdaus,JH 3,540847355.0
Acquah Irene,Primary 1,593173173.0
Akomanyi Emmanuel,Primary 1,556313442.0
Akubila John,Primary 1,541770872.0
Amoakoh Aaron,Primary 2,
Aniyaw Harriet,JH 3,
Ansah Kelvin,Primary 1,534460037.0
Antwi Godwin Asamoah,Primary 1,545520060.0
Appiah Elizabeth Ayeyi,Primary 1,246079633.0
Arthur Princess,Primary 1,242766231.0
Asiamah Isabella,Primary 2,536241537.0
Awoye Jamila,JH 3,538391435.0
Eduful Isaac Nhyiraba,Primary 2,548265555.0
Egyir-Nkrumah Nana Ekua,Primary 1,241198199.0
Essandoh Bright Egyiri,Primary 1,249727302.0
Frimpong Grace,Primary 1,541148817.0
Ghartey Agyapa Fiifi,Primary 1,246157627.0
Gyan Ramzy,Primary 1,593544330.0
Mensah Blessing,JH 3,597821084.0
Nanor Fredrick,Primary 1,544505013.0
Nkrumah Randa Kasah,JH 3,554599076.0
Odoom Reynard Osman,Primary 1,541736111.0
Ofori Boaduwaa Gifty,JH 3,
Sadick Memunatu,Primary 1,248218841.0
Siameh Felix Mawule,Primary 2,558284652.0
Tsatsu Jason Elorm,Primary 1,545649454.0
Wiredu Godson Aputei,Primary 1,542781449.0
Yeboah Gregory Ampong ,Primary 1,248632184.0
Zakari Zuraha,Primary 1,248945270.0
Agyapong Angela Fosuah,Primary 2,257378559.0
Akomanyi Sadick,Primary 2,555593383.0
Amoasi Francis,Primary 2,248495594.0
Ampong Ebenezer,Primary 2,248632184.0
Appiah Mavis,Primary 2,554718704.0
Asare Mensimaa Ekua,Primary 2,244654228.0
Attah-David Kwesi,Primary 2,549946413.0
Baidoo Christoph Abraham,Primary 2,546062650.0
Baidoo Isaac,Primary 2,533562794.0
Bredu Elisha Adu,Primary 3,
Brew Raymond,Primary 2,541094773.0
Dadzie Godwin Kofi,Primary 2,543319349.0
Dawuda Mahazm,Primary 3,248532994.0
Donkoh Esther,Primary 2,598414134.0
Enti Kofi Ampong,Primary 3,597821084.0
Essumang Spendylove,Primary 2,545121203.0
Gyasi Priscilla,Primary 2,549114475.0
Gyetuah Godwin Agyei,Primary 2,548402045.0
Ibrahim Aziz Akolobago,Primary 2,534788904.0
Kwarteng Prince,Primary 2,597807970.0
Manu Justice,Primary 3,
Mensah Jibriel Arhinful,Primary 2,597717182.0
Mireku Emmanuel,Primary 2,556713554.0
Obeng Emmanuel,Primary 2,245606078.0
Osei Christiana Owusu,Primary 2,597807956.0
Osei Patricia,Primary 2,554233906.0
Sakyi Francis,Primary 2,547326574.0
Arthur Philippa,Primary 3,242766231.0
Ateibaa Comfort,Primary 3,243924456.0
Awoye Farouk,JH 3,538391435.0
Blay Ebenezer Nana,Primary 3,
Egyir-Nkrumah Esi Sam,Primary 3,241198199.0
Ghartey Nenyi Fiifi Gyekye,Primary 3,246157627.0
Mensah Christ-The-King ,Primary 3,552608681.0
Mustapha Ziena,Primary 3,545792514.0
Nanor Belinda,Primary 3,544505013.0
Nanor Linda,Primary 3,544505013.0
Nkrumah Oswald,JH 3,554599076.0
Obeng Joel Nti Kwakye,Primary 3,546996598.0
Obo-Can Joshua,Primary 3,
Ofori Christabel,JH 3,
Affuakwah Victoria,Primary 4,545901695.0
Akporhor Norbeth,Primary 4,597354712.0
Amoasi Juliet,Primary 4,248495594.0
Annin Ellen,Primary 4,553077686.0
Aputei Daniel Kofi,Primary 4,542781449.0
Arthur Lordina Edith,Primary 4,243724825.0
Arthur Nancy,Primary 4,553555707.0
Awusi Blessing,Primary 4,541821736.0
Baidoo Celestina Abraham,Primary 4,546062650.0
Cudjoe Michael,Primary 4,554718704.0
Enti Kwame,Primary 5,597821084.0
Ibrahim Ajara Baba,Primary 4,548796337.0
Kwarteng Godbless Oduro,Primary 4,240471686.0
Mensah Samuel,Primary 5,257506072.0
Mireku Angelina Afua,Primary 4,556713554.0
Ntsiful Florence,Primary 4,240353041.0
Obeng Emmanuel,Primary 4,597807929.0
Oboh Nathaniel Kojo,Primary 5,549461504.0
Odoom Elvis Kofi,Primary 4,541736111.0
Owusu Emelia Obeng,Primary 4,592627891.0
Panful Fredrick,Primary 4,597807549.0
Sakyi Anita,Primary 4,547326574.0
Serwaa Rockline,Primary 4,240478086.0
Sodzie Eva,Primary 4,541271963.0
Tetteh Isaac Ayi,Primary 4,246586642.0
Wirekoh Collins Dawutey,Primary 4,556745383.0
Addo Judith Dwamena,Primary 5,257161599.0
Akomanyi Fareeda,Primary 5,549653116.0
Amoah Grace,Primary 6,242424692.0
Ampong Emmanuel,Primary 5,248632184.0
Arhinful-Aidoo Kenneth,Primary 5,541740686.0
Asare Franklin,Primary 5,256528856.0
Boahen Christian,Primary 5,534099196.0
Mohammed Jemilah,Primary 5,540847355.0
Ntim Raymond Twum,Primary 5,597821063.0
Obeng Emmanuella,Primary 5,597807564.0
Ofori Derrick,Primary 5,248632184.0
Osei Princess Asabea,Primary 5,249275101.0
Siameh Foster,Primary 5,558284652.0
Johnson Theophilus,Primary 5,543343569.0
Addae Esther,Primary 6,559498512.0
Aduakoh Sadat,Primary 6,245072152.0
Mensah Hannah,Primary 6,543357793.0
Mensah Michelle Hamida,Primary 6,597821085.0
Munkoh Vinsa,Primary 6,549461504.0
Osei Jeffrey Antwi-Boasiako,Primary 6,246645506.0
Yamoah-Ponkoh Alex,Primary 6,240478086.0
Yeboah Mary Adwoa,Primary 6,543062105.0
8,JH 3,
